"Method","N_Clusters","Total_Markers","Mean_Log2FC","Spatial_Coherence"
"Baseline (No Smoothing)",6,977,0.596876387149841,0.569060068868767
"Alpha-Blend (k=6, 1-hop, alpha=0.5)",9,759,0.589314470381693,0.660417463758874
"Iterative (k=8, 2-hop, self-incl)",10,556,0.592036819432602,0.891191599710921
