"Method","N_Clusters","Total_Markers","Mean_Log2FC","Spatial_Coherence"
"Baseline (No Smoothing)",5,2879,0.620238595554325,0.775018811136193
"Alpha-Blend (k=6, 1-hop, alpha=0.5)",8,3040,0.618801291454604,0.77631468940724
"Iterative (k=8, 2-hop, self-incl)",12,3410,0.620064735216776,0.929729955689324
